,step,scenario,algorithm,length,qname_count,qname
0,initial-,SOA with RRSIG,rsasha1,444,"[2, 2]",initial-rsasha1.example.
1,new_rrsig-,SOA with RRSIG,rsasha1,1160,"[3, 3]",new_rrsig-rsasha1.example.
2,new_dnskey-,SOA with RRSIG,rsasha1,1166,"[3, 3]",new_dnskey-rsasha1.example.
3,dnskey_removal-,SOA with RRSIG,rsasha1,1179,"[3, 3]",dnskey_removal-rsasha1.example.
4,rrsig_removal-,SOA with RRSIG,rsasha1,858,"[2, 2]",rrsig_removal-rsasha1.example.
5,initial-,SOA with RRSIG,rsasha256,448,"[2, 2]",initial-rsasha256.example.
6,new_rrsig-,SOA with RRSIG,rsasha256,1167,"[3, 3]",new_rrsig-rsasha256.example.
7,new_dnskey-,SOA with RRSIG,rsasha256,1172,"[3, 3]",new_dnskey-rsasha256.example.
8,dnskey_removal-,SOA with RRSIG,rsasha256,1185,"[3, 3]",dnskey_removal-rsasha256.example.
9,rrsig_removal-,SOA with RRSIG,rsasha256,861,"[2, 2]",rrsig_removal-rsasha256.example.
10,initial-,SOA with RRSIG,rsasha512,448,"[2, 2]",initial-rsasha512.example.
11,new_rrsig-,SOA with RRSIG,rsasha512,1168,"[3, 3]",new_rrsig-rsasha512.example.
12,new_dnskey-,SOA with RRSIG,rsasha512,1173,"[3, 3]",new_dnskey-rsasha512.example.
13,dnskey_removal-,SOA with RRSIG,rsasha512,1186,"[3, 3]",dnskey_removal-rsasha512.example.
14,rrsig_removal-,SOA with RRSIG,rsasha512,864,"[2, 2]",rrsig_removal-rsasha512.example.
15,initial-,SOA with RRSIG,ecdsa256,254,"[2, 2]",initial-ecdsa256.example.
16,new_rrsig-,SOA with RRSIG,ecdsa256,975,"[3, 3]",new_rrsig-ecdsa256.example.
17,new_dnskey-,SOA with RRSIG,ecdsa256,976,"[3, 3]",new_dnskey-ecdsa256.example.
18,dnskey_removal-,SOA with RRSIG,ecdsa256,988,"[3, 3]",dnskey_removal-ecdsa256.example.
19,rrsig_removal-,SOA with RRSIG,ecdsa256,859,"[2, 2]",rrsig_removal-ecdsa256.example.
20,initial-,SOA with RRSIG,ecdsa384,286,"[2, 2]",initial-ecdsa384.example.
21,new_rrsig-,SOA with RRSIG,ecdsa384,1004,"[3, 3]",new_rrsig-ecdsa384.example.
22,new_dnskey-,SOA with RRSIG,ecdsa384,1008,"[3, 3]",new_dnskey-ecdsa384.example.
23,dnskey_removal-,SOA with RRSIG,ecdsa384,1017,"[3, 3]",dnskey_removal-ecdsa384.example.
24,rrsig_removal-,SOA with RRSIG,ecdsa384,860,"[2, 2]",rrsig_removal-ecdsa384.example.
25,initial-,SOA with RRSIG,ed25519,252,"[2, 2]",initial-ed25519.example.
26,new_rrsig-,SOA with RRSIG,ed25519,971,"[3, 3]",new_rrsig-ed25519.example.
27,new_dnskey-,SOA with RRSIG,ed25519,975,"[3, 3]",new_dnskey-ed25519.example.
28,dnskey_removal-,SOA with RRSIG,ed25519,983,"[3, 3]",dnskey_removal-ed25519.example.
29,rrsig_removal-,SOA with RRSIG,ed25519,858,"[2, 2]",rrsig_removal-ed25519.example.
30,initial-,SOA with RRSIG,ed448,298,"[2, 2]",initial-ed448.example.
31,new_rrsig-,SOA with RRSIG,ed448,1019,"[3, 3]",new_rrsig-ed448.example.
32,new_dnskey-,SOA with RRSIG,ed448,1019,"[3, 3]",new_dnskey-ed448.example.
33,dnskey_removal-,SOA with RRSIG,ed448,1028,"[3, 3]",dnskey_removal-ed448.example.
34,rrsig_removal-,SOA with RRSIG,ed448,852,"[2, 2]",rrsig_removal-ed448.example.
35,initial-,SOA with RRSIG,falcon,844,"[2, 2]",initial-falcon.example.
36,new_rrsig-,SOA with RRSIG,falcon,1568,"[3, 3]",new_rrsig-falcon.example.
37,new_dnskey-,SOA with RRSIG,falcon,1563,"[3, 3]",new_dnskey-falcon.example.
38,dnskey_removal-,SOA with RRSIG,falcon,1579,"[3, 3]",dnskey_removal-falcon.example.
39,rrsig_removal-,SOA with RRSIG,falcon,857,"[2, 2]",rrsig_removal-falcon.example.
40,initial-,1 AAAA RR with RRSIG for Wildcard (NSEC),rsasha1,759,"[1, 4, 4]",wildcard.initial-rsasha1.example.
41,new_rrsig-,1 AAAA RR with RRSIG for Wildcard (NSEC),rsasha1,2196,"[1, 6, 6]",wildcard.new_rrsig-rsasha1.example.
42,new_dnskey-,1 AAAA RR with RRSIG for Wildcard (NSEC),rsasha1,2202,"[1, 6, 6]",wildcard.new_dnskey-rsasha1.example.
43,dnskey_removal-,1 AAAA RR with RRSIG for Wildcard (NSEC),rsasha1,2224,"[1, 6, 6]",wildcard.dnskey_removal-rsasha1.example.
44,rrsig_removal-,1 AAAA RR with RRSIG for Wildcard (NSEC),rsasha1,1584,"[1, 4, 4]",wildcard.rrsig_removal-rsasha1.example.
45,initial-,1 AAAA RR with RRSIG for Wildcard (NSEC),rsasha256,767,"[1, 4, 4]",wildcard.initial-rsasha256.example.
46,new_rrsig-,1 AAAA RR with RRSIG for Wildcard (NSEC),rsasha256,2206,"[1, 6, 6]",wildcard.new_rrsig-rsasha256.example.
47,new_dnskey-,1 AAAA RR with RRSIG for Wildcard (NSEC),rsasha256,2213,"[1, 6, 6]",wildcard.new_dnskey-rsasha256.example.
48,dnskey_removal-,1 AAAA RR with RRSIG for Wildcard (NSEC),rsasha256,2236,"[1, 6, 6]",wildcard.dnskey_removal-rsasha256.example.
49,rrsig_removal-,1 AAAA RR with RRSIG for Wildcard (NSEC),rsasha256,1596,"[1, 4, 4]",wildcard.rrsig_removal-rsasha256.example.
50,initial-,1 AAAA RR with RRSIG for Wildcard (NSEC),rsasha512,767,"[1, 4, 4]",wildcard.initial-rsasha512.example.
51,new_rrsig-,1 AAAA RR with RRSIG for Wildcard (NSEC),rsasha512,2204,"[1, 6, 6]",wildcard.new_rrsig-rsasha512.example.
52,new_dnskey-,1 AAAA RR with RRSIG for Wildcard (NSEC),rsasha512,2214,"[1, 6, 6]",wildcard.new_dnskey-rsasha512.example.
53,dnskey_removal-,1 AAAA RR with RRSIG for Wildcard (NSEC),rsasha512,2233,"[1, 6, 6]",wildcard.dnskey_removal-rsasha512.example.
54,rrsig_removal-,1 AAAA RR with RRSIG for Wildcard (NSEC),rsasha512,1597,"[1, 4, 4]",wildcard.rrsig_removal-rsasha512.example.
55,initial-,1 AAAA RR with RRSIG for Wildcard (NSEC),ecdsa256,379,"[1, 4, 4]",wildcard.initial-ecdsa256.example.
56,new_rrsig-,1 AAAA RR with RRSIG for Wildcard (NSEC),ecdsa256,1821,"[1, 6, 6]",wildcard.new_rrsig-ecdsa256.example.
57,new_dnskey-,1 AAAA RR with RRSIG for Wildcard (NSEC),ecdsa256,1826,"[1, 6, 6]",wildcard.new_dnskey-ecdsa256.example.
58,dnskey_removal-,1 AAAA RR with RRSIG for Wildcard (NSEC),ecdsa256,1848,"[1, 6, 6]",wildcard.dnskey_removal-ecdsa256.example.
59,rrsig_removal-,1 AAAA RR with RRSIG for Wildcard (NSEC),ecdsa256,1587,"[1, 4, 4]",wildcard.rrsig_removal-ecdsa256.example.
60,initial-,1 AAAA RR with RRSIG for Wildcard (NSEC),ecdsa384,443,"[1, 4, 4]",wildcard.initial-ecdsa384.example.
61,new_rrsig-,1 AAAA RR with RRSIG for Wildcard (NSEC),ecdsa384,1875,"[1, 6, 6]",wildcard.new_rrsig-ecdsa384.example.
62,new_dnskey-,1 AAAA RR with RRSIG for Wildcard (NSEC),ecdsa384,1883,"[1, 6, 6]",wildcard.new_dnskey-ecdsa384.example.
63,dnskey_removal-,1 AAAA RR with RRSIG for Wildcard (NSEC),ecdsa384,1908,"[1, 6, 6]",wildcard.dnskey_removal-ecdsa384.example.
64,rrsig_removal-,1 AAAA RR with RRSIG for Wildcard (NSEC),ecdsa384,1589,"[1, 4, 4]",wildcard.rrsig_removal-ecdsa384.example.
65,initial-,1 AAAA RR with RRSIG for Wildcard (NSEC),ed25519,375,"[1, 4, 4]",wildcard.initial-ed25519.example.
66,new_rrsig-,1 AAAA RR with RRSIG for Wildcard (NSEC),ed25519,1811,"[1, 6, 6]",wildcard.new_rrsig-ed25519.example.
67,new_dnskey-,1 AAAA RR with RRSIG for Wildcard (NSEC),ed25519,1814,"[1, 6, 6]",wildcard.new_dnskey-ed25519.example.
68,dnskey_removal-,1 AAAA RR with RRSIG for Wildcard (NSEC),ed25519,1840,"[1, 6, 6]",wildcard.dnskey_removal-ed25519.example.
69,rrsig_removal-,1 AAAA RR with RRSIG for Wildcard (NSEC),ed25519,1582,"[1, 4, 4]",wildcard.rrsig_removal-ed25519.example.
70,initial-,1 AAAA RR with RRSIG for Wildcard (NSEC),ed448,467,"[1, 4, 4]",wildcard.initial-ed448.example.
71,new_rrsig-,1 AAAA RR with RRSIG for Wildcard (NSEC),ed448,1906,"[1, 6, 6]",wildcard.new_rrsig-ed448.example.
72,new_dnskey-,1 AAAA RR with RRSIG for Wildcard (NSEC),ed448,1903,"[1, 6, 6]",wildcard.new_dnskey-ed448.example.
73,dnskey_removal-,1 AAAA RR with RRSIG for Wildcard (NSEC),ed448,1924,"[1, 6, 6]",wildcard.dnskey_removal-ed448.example.
74,rrsig_removal-,1 AAAA RR with RRSIG for Wildcard (NSEC),ed448,1578,"[1, 4, 4]",wildcard.rrsig_removal-ed448.example.
75,initial-,1 AAAA RR with RRSIG for Wildcard (NSEC),falcon,1561,"[1, 4, 4]",wildcard.initial-falcon.example.
76,new_rrsig-,1 AAAA RR with RRSIG for Wildcard (NSEC),falcon,2998,"[1, 6, 6]",wildcard.new_rrsig-falcon.example.
77,new_dnskey-,1 AAAA RR with RRSIG for Wildcard (NSEC),falcon,2998,"[1, 6, 6]",wildcard.new_dnskey-falcon.example.
78,dnskey_removal-,1 AAAA RR with RRSIG for Wildcard (NSEC),falcon,3024,"[1, 6, 6]",wildcard.dnskey_removal-falcon.example.
79,rrsig_removal-,1 AAAA RR with RRSIG for Wildcard (NSEC),falcon,1580,"[1, 4, 4]",wildcard.rrsig_removal-falcon.example.
80,initial-,1 AAAA RR with RRSIG for Wildcard (NSEC3),rsasha1,794,"[1, 3, 3]",wildcard.initial-rsasha13.example.
81,new_rrsig-,1 AAAA RR with RRSIG for Wildcard (NSEC3),rsasha1,2237,"[1, 5, 5]",wildcard.new_rrsig-rsasha13.example.
82,new_dnskey-,1 AAAA RR with RRSIG for Wildcard (NSEC3),rsasha1,2234,"[1, 5, 5]",wildcard.new_dnskey-rsasha13.example.
83,dnskey_removal-,1 AAAA RR with RRSIG for Wildcard (NSEC3),rsasha1,2251,"[1, 5, 5]",wildcard.dnskey_removal-rsasha13.example.
84,rrsig_removal-,1 AAAA RR with RRSIG for Wildcard (NSEC3),rsasha1,1614,"[1, 3, 3]",wildcard.rrsig_removal-rsasha13.example.
85,initial-,1 AAAA RR with RRSIG for Wildcard (NSEC3),rsasha256,800,"[1, 3, 3]",wildcard.initial-rsasha2563.example.
86,new_rrsig-,1 AAAA RR with RRSIG for Wildcard (NSEC3),rsasha256,2235,"[1, 5, 5]",wildcard.new_rrsig-rsasha2563.example.
87,new_dnskey-,1 AAAA RR with RRSIG for Wildcard (NSEC3),rsasha256,2248,"[1, 5, 5]",wildcard.new_dnskey-rsasha2563.example.
88,dnskey_removal-,1 AAAA RR with RRSIG for Wildcard (NSEC3),rsasha256,2258,"[1, 5, 5]",wildcard.dnskey_removal-rsasha2563.example.
89,rrsig_removal-,1 AAAA RR with RRSIG for Wildcard (NSEC3),rsasha256,1615,"[1, 3, 3]",wildcard.rrsig_removal-rsasha2563.example.
90,initial-,1 AAAA RR with RRSIG for Wildcard (NSEC3),rsasha512,799,"[1, 3, 3]",wildcard.initial-rsasha5123.example.
91,new_rrsig-,1 AAAA RR with RRSIG for Wildcard (NSEC3),rsasha512,2234,"[1, 5, 5]",wildcard.new_rrsig-rsasha5123.example.
92,new_dnskey-,1 AAAA RR with RRSIG for Wildcard (NSEC3),rsasha512,2249,"[1, 5, 5]",wildcard.new_dnskey-rsasha5123.example.
93,dnskey_removal-,1 AAAA RR with RRSIG for Wildcard (NSEC3),rsasha512,2261,"[1, 5, 5]",wildcard.dnskey_removal-rsasha5123.example.
94,rrsig_removal-,1 AAAA RR with RRSIG for Wildcard (NSEC3),rsasha512,1617,"[1, 3, 3]",wildcard.rrsig_removal-rsasha5123.example.
95,initial-,1 AAAA RR with RRSIG for Wildcard (NSEC3),ecdsa256,412,"[1, 3, 3]",wildcard.initial-ecdsa2563.example.
96,new_rrsig-,1 AAAA RR with RRSIG for Wildcard (NSEC3),ecdsa256,1848,"[1, 5, 5]",wildcard.new_rrsig-ecdsa2563.example.
97,new_dnskey-,1 AAAA RR with RRSIG for Wildcard (NSEC3),ecdsa256,1857,"[1, 5, 5]",wildcard.new_dnskey-ecdsa2563.example.
98,dnskey_removal-,1 AAAA RR with RRSIG for Wildcard (NSEC3),ecdsa256,1872,"[1, 5, 5]",wildcard.dnskey_removal-ecdsa2563.example.
99,rrsig_removal-,1 AAAA RR with RRSIG for Wildcard (NSEC3),ecdsa256,1616,"[1, 3, 3]",wildcard.rrsig_removal-ecdsa2563.example.
100,initial-,1 AAAA RR with RRSIG for Wildcard (NSEC3),ecdsa384,476,"[1, 3, 3]",wildcard.initial-ecdsa3843.example.
101,new_rrsig-,1 AAAA RR with RRSIG for Wildcard (NSEC3),ecdsa384,1915,"[1, 5, 5]",wildcard.new_rrsig-ecdsa3843.example.
102,new_dnskey-,1 AAAA RR with RRSIG for Wildcard (NSEC3),ecdsa384,1922,"[1, 5, 5]",wildcard.new_dnskey-ecdsa3843.example.
103,dnskey_removal-,1 AAAA RR with RRSIG for Wildcard (NSEC3),ecdsa384,1943,"[1, 5, 5]",wildcard.dnskey_removal-ecdsa3843.example.
104,rrsig_removal-,1 AAAA RR with RRSIG for Wildcard (NSEC3),ecdsa384,1623,"[1, 3, 3]",wildcard.rrsig_removal-ecdsa3843.example.
105,initial-,1 AAAA RR with RRSIG for Wildcard (NSEC3),ed25519,409,"[1, 3, 3]",wildcard.initial-ed255193.example.
106,new_rrsig-,1 AAAA RR with RRSIG for Wildcard (NSEC3),ed25519,1847,"[1, 5, 5]",wildcard.new_rrsig-ed255193.example.
107,new_dnskey-,1 AAAA RR with RRSIG for Wildcard (NSEC3),ed25519,1854,"[1, 5, 5]",wildcard.new_dnskey-ed255193.example.
108,dnskey_removal-,1 AAAA RR with RRSIG for Wildcard (NSEC3),ed25519,1868,"[1, 5, 5]",wildcard.dnskey_removal-ed255193.example.
109,rrsig_removal-,1 AAAA RR with RRSIG for Wildcard (NSEC3),ed25519,1615,"[1, 3, 3]",wildcard.rrsig_removal-ed255193.example.
110,initial-,1 AAAA RR with RRSIG for Wildcard (NSEC3),ed448,503,"[1, 3, 3]",wildcard.initial-ed4483.example.
111,new_rrsig-,1 AAAA RR with RRSIG for Wildcard (NSEC3),ed448,1937,"[1, 5, 5]",wildcard.new_rrsig-ed4483.example.
112,new_dnskey-,1 AAAA RR with RRSIG for Wildcard (NSEC3),ed448,1942,"[1, 5, 5]",wildcard.new_dnskey-ed4483.example.
113,dnskey_removal-,1 AAAA RR with RRSIG for Wildcard (NSEC3),ed448,1965,"[1, 5, 5]",wildcard.dnskey_removal-ed4483.example.
114,rrsig_removal-,1 AAAA RR with RRSIG for Wildcard (NSEC3),ed448,1609,"[1, 3, 3]",wildcard.rrsig_removal-ed4483.example.
115,initial-,1 AAAA RR with RRSIG for Wildcard (NSEC3),falcon,1592,"[1, 3, 3]",wildcard.initial-falcon3.example.
116,new_rrsig-,1 AAAA RR with RRSIG for Wildcard (NSEC3),falcon,3014,"[1, 5, 5]",wildcard.new_rrsig-falcon3.example.
117,new_dnskey-,1 AAAA RR with RRSIG for Wildcard (NSEC3),falcon,3036,"[1, 5, 5]",wildcard.new_dnskey-falcon3.example.
118,dnskey_removal-,1 AAAA RR with RRSIG for Wildcard (NSEC3),falcon,3050,"[1, 5, 5]",wildcard.dnskey_removal-falcon3.example.
119,rrsig_removal-,1 AAAA RR with RRSIG for Wildcard (NSEC3),falcon,1616,"[1, 3, 3]",wildcard.rrsig_removal-falcon3.example.
120,initial-,NSEC Proof of NX,rsasha1,799,"[1, 4, 4]",nx.initial-rsasha1.example.
121,new_rrsig-,NSEC Proof of NX,rsasha1,2240,"[1, 6, 6]",nx.new_rrsig-rsasha1.example.
122,new_dnskey-,NSEC Proof of NX,rsasha1,2242,"[1, 6, 6]",nx.new_dnskey-rsasha1.example.
123,dnskey_removal-,NSEC Proof of NX,rsasha1,2265,"[1, 6, 6]",nx.dnskey_removal-rsasha1.example.
124,rrsig_removal-,NSEC Proof of NX,rsasha1,1622,"[1, 4, 4]",nx.rrsig_removal-rsasha1.example.
125,initial-,NSEC Proof of NX,rsasha256,807,"[1, 4, 4]",nx.initial-rsasha256.example.
126,new_rrsig-,NSEC Proof of NX,rsasha256,2244,"[1, 6, 6]",nx.new_rrsig-rsasha256.example.
127,new_dnskey-,NSEC Proof of NX,rsasha256,2253,"[1, 6, 6]",nx.new_dnskey-rsasha256.example.
128,dnskey_removal-,NSEC Proof of NX,rsasha256,2273,"[1, 6, 6]",nx.dnskey_removal-rsasha256.example.
129,rrsig_removal-,NSEC Proof of NX,rsasha256,1628,"[1, 4, 4]",nx.rrsig_removal-rsasha256.example.
130,initial-,NSEC Proof of NX,rsasha512,807,"[1, 4, 4]",nx.initial-rsasha512.example.
131,new_rrsig-,NSEC Proof of NX,rsasha512,2245,"[1, 6, 6]",nx.new_rrsig-rsasha512.example.
132,new_dnskey-,NSEC Proof of NX,rsasha512,2258,"[1, 6, 6]",nx.new_dnskey-rsasha512.example.
133,dnskey_removal-,NSEC Proof of NX,rsasha512,2275,"[1, 6, 6]",nx.dnskey_removal-rsasha512.example.
134,rrsig_removal-,NSEC Proof of NX,rsasha512,1634,"[1, 4, 4]",nx.rrsig_removal-rsasha512.example.
135,initial-,NSEC Proof of NX,ecdsa256,419,"[1, 4, 4]",nx.initial-ecdsa256.example.
136,new_rrsig-,NSEC Proof of NX,ecdsa256,1856,"[1, 6, 6]",nx.new_rrsig-ecdsa256.example.
137,new_dnskey-,NSEC Proof of NX,ecdsa256,1868,"[1, 6, 6]",nx.new_dnskey-ecdsa256.example.
138,dnskey_removal-,NSEC Proof of NX,ecdsa256,1887,"[1, 6, 6]",nx.dnskey_removal-ecdsa256.example.
139,rrsig_removal-,NSEC Proof of NX,ecdsa256,1628,"[1, 4, 4]",nx.rrsig_removal-ecdsa256.example.
140,initial-,NSEC Proof of NX,ecdsa384,483,"[1, 4, 4]",nx.initial-ecdsa384.example.
141,new_rrsig-,NSEC Proof of NX,ecdsa384,1921,"[1, 6, 6]",nx.new_rrsig-ecdsa384.example.
142,new_dnskey-,NSEC Proof of NX,ecdsa384,1928,"[1, 6, 6]",nx.new_dnskey-ecdsa384.example.
143,dnskey_removal-,NSEC Proof of NX,ecdsa384,1946,"[1, 6, 6]",nx.dnskey_removal-ecdsa384.example.
144,rrsig_removal-,NSEC Proof of NX,ecdsa384,1633,"[1, 4, 4]",nx.rrsig_removal-ecdsa384.example.
145,initial-,NSEC Proof of NX,ed25519,415,"[1, 4, 4]",nx.initial-ed25519.example.
146,new_rrsig-,NSEC Proof of NX,ed25519,1855,"[1, 6, 6]",nx.new_rrsig-ed25519.example.
147,new_dnskey-,NSEC Proof of NX,ed25519,1854,"[1, 6, 6]",nx.new_dnskey-ed25519.example.
148,dnskey_removal-,NSEC Proof of NX,ed25519,1881,"[1, 6, 6]",nx.dnskey_removal-ed25519.example.
149,rrsig_removal-,NSEC Proof of NX,ed25519,1625,"[1, 4, 4]",nx.rrsig_removal-ed25519.example.
150,initial-,NSEC Proof of NX,ed448,507,"[1, 4, 4]",nx.initial-ed448.example.
151,new_rrsig-,NSEC Proof of NX,ed448,1940,"[1, 6, 6]",nx.new_rrsig-ed448.example.
152,new_dnskey-,NSEC Proof of NX,ed448,1944,"[1, 6, 6]",nx.new_dnskey-ed448.example.
153,dnskey_removal-,NSEC Proof of NX,ed448,1967,"[1, 6, 6]",nx.dnskey_removal-ed448.example.
154,rrsig_removal-,NSEC Proof of NX,ed448,1618,"[1, 4, 4]",nx.rrsig_removal-ed448.example.
155,initial-,NSEC Proof of NX,falcon,1598,"[1, 4, 4]",nx.initial-falcon.example.
156,new_rrsig-,NSEC Proof of NX,falcon,3041,"[1, 6, 6]",nx.new_rrsig-falcon.example.
157,new_dnskey-,NSEC Proof of NX,falcon,3034,"[1, 6, 6]",nx.new_dnskey-falcon.example.
158,dnskey_removal-,NSEC Proof of NX,falcon,3072,"[1, 6, 6]",nx.dnskey_removal-falcon.example.
159,rrsig_removal-,NSEC Proof of NX,falcon,1615,"[1, 4, 4]",nx.rrsig_removal-falcon.example.
160,initial-,NSEC3 Proof of NX,rsasha1,833,"[1, 3, 3]",nx.initial-rsasha13.example.
161,new_rrsig-,NSEC3 Proof of NX,rsasha1,2270,"[1, 5, 5]",nx.new_rrsig-rsasha13.example.
162,new_dnskey-,NSEC3 Proof of NX,rsasha1,2275,"[1, 5, 5]",nx.new_dnskey-rsasha13.example.
163,dnskey_removal-,NSEC3 Proof of NX,rsasha1,2295,"[1, 5, 5]",nx.dnskey_removal-rsasha13.example.
164,rrsig_removal-,NSEC3 Proof of NX,rsasha1,1652,"[1, 3, 3]",nx.rrsig_removal-rsasha13.example.
165,initial-,NSEC3 Proof of NX,rsasha256,839,"[1, 3, 3]",nx.initial-rsasha2563.example.
166,new_rrsig-,NSEC3 Proof of NX,rsasha256,2279,"[1, 5, 5]",nx.new_rrsig-rsasha2563.example.
167,new_dnskey-,NSEC3 Proof of NX,rsasha256,2287,"[1, 5, 5]",nx.new_dnskey-rsasha2563.example.
168,dnskey_removal-,NSEC3 Proof of NX,rsasha256,2303,"[1, 5, 5]",nx.dnskey_removal-rsasha2563.example.
169,rrsig_removal-,NSEC3 Proof of NX,rsasha256,1657,"[1, 3, 3]",nx.rrsig_removal-rsasha2563.example.
170,initial-,NSEC3 Proof of NX,rsasha512,839,"[1, 3, 3]",nx.initial-rsasha5123.example.
171,new_rrsig-,NSEC3 Proof of NX,rsasha512,2275,"[1, 5, 5]",nx.new_rrsig-rsasha5123.example.
172,new_dnskey-,NSEC3 Proof of NX,rsasha512,2288,"[1, 5, 5]",nx.new_dnskey-rsasha5123.example.
173,dnskey_removal-,NSEC3 Proof of NX,rsasha512,2302,"[1, 5, 5]",nx.dnskey_removal-rsasha5123.example.
174,rrsig_removal-,NSEC3 Proof of NX,rsasha512,1663,"[1, 3, 3]",nx.rrsig_removal-rsasha5123.example.
175,initial-,NSEC3 Proof of NX,ecdsa256,452,"[1, 3, 3]",nx.initial-ecdsa2563.example.
176,new_rrsig-,NSEC3 Proof of NX,ecdsa256,1891,"[1, 5, 5]",nx.new_rrsig-ecdsa2563.example.
177,new_dnskey-,NSEC3 Proof of NX,ecdsa256,1897,"[1, 5, 5]",nx.new_dnskey-ecdsa2563.example.
178,dnskey_removal-,NSEC3 Proof of NX,ecdsa256,1914,"[1, 5, 5]",nx.dnskey_removal-ecdsa2563.example.
179,rrsig_removal-,NSEC3 Proof of NX,ecdsa256,1657,"[1, 3, 3]",nx.rrsig_removal-ecdsa2563.example.
180,initial-,NSEC3 Proof of NX,ecdsa384,517,"[1, 3, 3]",nx.initial-ecdsa3843.example.
181,new_rrsig-,NSEC3 Proof of NX,ecdsa384,1956,"[1, 5, 5]",nx.new_rrsig-ecdsa3843.example.
182,new_dnskey-,NSEC3 Proof of NX,ecdsa384,1958,"[1, 5, 5]",nx.new_dnskey-ecdsa3843.example.
183,dnskey_removal-,NSEC3 Proof of NX,ecdsa384,1983,"[1, 5, 5]",nx.dnskey_removal-ecdsa3843.example.
184,rrsig_removal-,NSEC3 Proof of NX,ecdsa384,1661,"[1, 3, 3]",nx.rrsig_removal-ecdsa3843.example.
185,initial-,NSEC3 Proof of NX,ed25519,450,"[1, 3, 3]",nx.initial-ed255193.example.
186,new_rrsig-,NSEC3 Proof of NX,ed25519,1889,"[1, 5, 5]",nx.new_rrsig-ed255193.example.
187,new_dnskey-,NSEC3 Proof of NX,ed25519,1889,"[1, 5, 5]",nx.new_dnskey-ed255193.example.
188,dnskey_removal-,NSEC3 Proof of NX,ed25519,1911,"[1, 5, 5]",nx.dnskey_removal-ed255193.example.
189,rrsig_removal-,NSEC3 Proof of NX,ed25519,1651,"[1, 3, 3]",nx.rrsig_removal-ed255193.example.
190,initial-,NSEC3 Proof of NX,ed448,543,"[1, 3, 3]",nx.initial-ed4483.example.
191,new_rrsig-,NSEC3 Proof of NX,ed448,1979,"[1, 5, 5]",nx.new_rrsig-ed4483.example.
192,new_dnskey-,NSEC3 Proof of NX,ed448,1980,"[1, 5, 5]",nx.new_dnskey-ed4483.example.
193,dnskey_removal-,NSEC3 Proof of NX,ed448,2003,"[1, 5, 5]",nx.dnskey_removal-ed4483.example.
194,rrsig_removal-,NSEC3 Proof of NX,ed448,1652,"[1, 3, 3]",nx.rrsig_removal-ed4483.example.
195,initial-,NSEC3 Proof of NX,falcon,1631,"[1, 3, 3]",nx.initial-falcon3.example.
196,new_rrsig-,NSEC3 Proof of NX,falcon,3060,"[1, 5, 5]",nx.new_rrsig-falcon3.example.
197,new_dnskey-,NSEC3 Proof of NX,falcon,3069,"[1, 5, 5]",nx.new_dnskey-falcon3.example.
198,dnskey_removal-,NSEC3 Proof of NX,falcon,3091,"[1, 5, 5]",nx.dnskey_removal-falcon3.example.
199,rrsig_removal-,NSEC3 Proof of NX,falcon,1657,"[1, 3, 3]",nx.rrsig_removal-falcon3.example.
200,initial-,2 A RRs with RRSIG,rsasha1,395,"[2, 2]",initial-rsasha1.example.
201,new_rrsig-,2 A RRs with RRSIG,rsasha1,1115,"[3, 3]",new_rrsig-rsasha1.example.
202,new_dnskey-,2 A RRs with RRSIG,rsasha1,1116,"[3, 3]",new_dnskey-rsasha1.example.
203,dnskey_removal-,2 A RRs with RRSIG,rsasha1,1129,"[3, 3]",dnskey_removal-rsasha1.example.
204,rrsig_removal-,2 A RRs with RRSIG,rsasha1,811,"[2, 2]",rrsig_removal-rsasha1.example.
205,initial-,2 A RRs with RRSIG,rsasha256,399,"[2, 2]",initial-rsasha256.example.
206,new_rrsig-,2 A RRs with RRSIG,rsasha256,1119,"[3, 3]",new_rrsig-rsasha256.example.
207,new_dnskey-,2 A RRs with RRSIG,rsasha256,1123,"[3, 3]",new_dnskey-rsasha256.example.
208,dnskey_removal-,2 A RRs with RRSIG,rsasha256,1131,"[3, 3]",dnskey_removal-rsasha256.example.
209,rrsig_removal-,2 A RRs with RRSIG,rsasha256,813,"[2, 2]",rrsig_removal-rsasha256.example.
210,initial-,2 A RRs with RRSIG,rsasha512,399,"[2, 2]",initial-rsasha512.example.
211,new_rrsig-,2 A RRs with RRSIG,rsasha512,1118,"[3, 3]",new_rrsig-rsasha512.example.
212,new_dnskey-,2 A RRs with RRSIG,rsasha512,1120,"[3, 3]",new_dnskey-rsasha512.example.
213,dnskey_removal-,2 A RRs with RRSIG,rsasha512,1134,"[3, 3]",dnskey_removal-rsasha512.example.
214,rrsig_removal-,2 A RRs with RRSIG,rsasha512,813,"[2, 2]",rrsig_removal-rsasha512.example.
215,initial-,2 A RRs with RRSIG,ecdsa256,205,"[2, 2]",initial-ecdsa256.example.
216,new_rrsig-,2 A RRs with RRSIG,ecdsa256,922,"[3, 3]",new_rrsig-ecdsa256.example.
217,new_dnskey-,2 A RRs with RRSIG,ecdsa256,927,"[3, 3]",new_dnskey-ecdsa256.example.
218,dnskey_removal-,2 A RRs with RRSIG,ecdsa256,939,"[3, 3]",dnskey_removal-ecdsa256.example.
219,rrsig_removal-,2 A RRs with RRSIG,ecdsa256,811,"[2, 2]",rrsig_removal-ecdsa256.example.
220,initial-,2 A RRs with RRSIG,ecdsa384,237,"[2, 2]",initial-ecdsa384.example.
221,new_rrsig-,2 A RRs with RRSIG,ecdsa384,950,"[3, 3]",new_rrsig-ecdsa384.example.
222,new_dnskey-,2 A RRs with RRSIG,ecdsa384,960,"[3, 3]",new_dnskey-ecdsa384.example.
223,dnskey_removal-,2 A RRs with RRSIG,ecdsa384,973,"[3, 3]",dnskey_removal-ecdsa384.example.
224,rrsig_removal-,2 A RRs with RRSIG,ecdsa384,812,"[2, 2]",rrsig_removal-ecdsa384.example.
225,initial-,2 A RRs with RRSIG,ed25519,203,"[2, 2]",initial-ed25519.example.
226,new_rrsig-,2 A RRs with RRSIG,ed25519,923,"[3, 3]",new_rrsig-ed25519.example.
227,new_dnskey-,2 A RRs with RRSIG,ed25519,927,"[3, 3]",new_dnskey-ed25519.example.
228,dnskey_removal-,2 A RRs with RRSIG,ed25519,936,"[3, 3]",dnskey_removal-ed25519.example.
229,rrsig_removal-,2 A RRs with RRSIG,ed25519,812,"[2, 2]",rrsig_removal-ed25519.example.
230,initial-,2 A RRs with RRSIG,ed448,249,"[2, 2]",initial-ed448.example.
231,new_rrsig-,2 A RRs with RRSIG,ed448,962,"[3, 3]",new_rrsig-ed448.example.
232,new_dnskey-,2 A RRs with RRSIG,ed448,968,"[3, 3]",new_dnskey-ed448.example.
233,dnskey_removal-,2 A RRs with RRSIG,ed448,979,"[3, 3]",dnskey_removal-ed448.example.
234,rrsig_removal-,2 A RRs with RRSIG,ed448,803,"[2, 2]",rrsig_removal-ed448.example.
235,initial-,2 A RRs with RRSIG,falcon,797,"[2, 2]",initial-falcon.example.
236,new_rrsig-,2 A RRs with RRSIG,falcon,1512,"[3, 3]",new_rrsig-falcon.example.
237,new_dnskey-,2 A RRs with RRSIG,falcon,1516,"[3, 3]",new_dnskey-falcon.example.
238,dnskey_removal-,2 A RRs with RRSIG,falcon,1528,"[3, 3]",dnskey_removal-falcon.example.
239,rrsig_removal-,2 A RRs with RRSIG,falcon,807,"[2, 2]",rrsig_removal-falcon.example.
240,initial-,NS,rsasha1,707,"[3, 3]",initial-rsasha1.example.
241,new_rrsig-,NS,rsasha1,2143,"[5, 5]",new_rrsig-rsasha1.example.
242,new_dnskey-,NS,rsasha1,2145,"[5, 5]",new_dnskey-rsasha1.example.
243,dnskey_removal-,NS,rsasha1,2169,"[5, 5]",dnskey_removal-rsasha1.example.
244,rrsig_removal-,NS,rsasha1,1528,"[3, 3]",rrsig_removal-rsasha1.example.
245,initial-,NS,rsasha256,713,"[3, 3]",initial-rsasha256.example.
246,new_rrsig-,NS,rsasha256,2149,"[5, 5]",new_rrsig-rsasha256.example.
247,new_dnskey-,NS,rsasha256,2157,"[5, 5]",new_dnskey-rsasha256.example.
248,dnskey_removal-,NS,rsasha256,2178,"[5, 5]",dnskey_removal-rsasha256.example.
249,rrsig_removal-,NS,rsasha256,1532,"[3, 3]",rrsig_removal-rsasha256.example.
250,initial-,NS,rsasha512,713,"[3, 3]",initial-rsasha512.example.
251,new_rrsig-,NS,rsasha512,2150,"[5, 5]",new_rrsig-rsasha512.example.
252,new_dnskey-,NS,rsasha512,2161,"[5, 5]",new_dnskey-rsasha512.example.
253,dnskey_removal-,NS,rsasha512,2183,"[5, 5]",dnskey_removal-rsasha512.example.
254,rrsig_removal-,NS,rsasha512,1533,"[3, 3]",rrsig_removal-rsasha512.example.
255,initial-,NS,ecdsa256,326,"[3, 3]",initial-ecdsa256.example.
256,new_rrsig-,NS,ecdsa256,1764,"[5, 5]",new_rrsig-ecdsa256.example.
257,new_dnskey-,NS,ecdsa256,1763,"[5, 5]",new_dnskey-ecdsa256.example.
258,dnskey_removal-,NS,ecdsa256,1786,"[5, 5]",dnskey_removal-ecdsa256.example.
259,rrsig_removal-,NS,ecdsa256,1531,"[3, 3]",rrsig_removal-ecdsa256.example.
260,initial-,NS,ecdsa384,390,"[3, 3]",initial-ecdsa384.example.
261,new_rrsig-,NS,ecdsa384,1824,"[5, 5]",new_rrsig-ecdsa384.example.
262,new_dnskey-,NS,ecdsa384,1832,"[5, 5]",new_dnskey-ecdsa384.example.
263,dnskey_removal-,NS,ecdsa384,1856,"[5, 5]",dnskey_removal-ecdsa384.example.
264,rrsig_removal-,NS,ecdsa384,1526,"[3, 3]",rrsig_removal-ecdsa384.example.
265,initial-,NS,ed25519,323,"[3, 3]",initial-ed25519.example.
266,new_rrsig-,NS,ed25519,1758,"[5, 5]",new_rrsig-ed25519.example.
267,new_dnskey-,NS,ed25519,1759,"[5, 5]",new_dnskey-ed25519.example.
268,dnskey_removal-,NS,ed25519,1781,"[5, 5]",dnskey_removal-ed25519.example.
269,rrsig_removal-,NS,ed25519,1527,"[3, 3]",rrsig_removal-ed25519.example.
270,initial-,NS,ed448,417,"[3, 3]",initial-ed448.example.
271,new_rrsig-,NS,ed448,1846,"[5, 5]",new_rrsig-ed448.example.
272,new_dnskey-,NS,ed448,1854,"[5, 5]",new_dnskey-ed448.example.
273,dnskey_removal-,NS,ed448,1870,"[5, 5]",dnskey_removal-ed448.example.
274,rrsig_removal-,NS,ed448,1523,"[3, 3]",rrsig_removal-ed448.example.
275,initial-,NS,falcon,1509,"[3, 3]",initial-falcon.example.
276,new_rrsig-,NS,falcon,2947,"[5, 5]",new_rrsig-falcon.example.
277,new_dnskey-,NS,falcon,2945,"[5, 5]",new_dnskey-falcon.example.
278,dnskey_removal-,NS,falcon,2961,"[5, 5]",dnskey_removal-falcon.example.
279,rrsig_removal-,NS,falcon,1525,"[3, 3]",rrsig_removal-falcon.example.
280,initial-,1 AAAA RR with RRSIG,rsasha1,391,"[2, 2]",initial-rsasha1.example.
281,new_rrsig-,1 AAAA RR with RRSIG,rsasha1,1113,"[3, 3]",new_rrsig-rsasha1.example.
282,new_dnskey-,1 AAAA RR with RRSIG,rsasha1,1113,"[3, 3]",new_dnskey-rsasha1.example.
283,dnskey_removal-,1 AAAA RR with RRSIG,rsasha1,1125,"[3, 3]",dnskey_removal-rsasha1.example.
284,rrsig_removal-,1 AAAA RR with RRSIG,rsasha1,807,"[2, 2]",rrsig_removal-rsasha1.example.
285,initial-,1 AAAA RR with RRSIG,rsasha256,395,"[2, 2]",initial-rsasha256.example.
286,new_rrsig-,1 AAAA RR with RRSIG,rsasha256,1117,"[3, 3]",new_rrsig-rsasha256.example.
287,new_dnskey-,1 AAAA RR with RRSIG,rsasha256,1116,"[3, 3]",new_dnskey-rsasha256.example.
288,dnskey_removal-,1 AAAA RR with RRSIG,rsasha256,1128,"[3, 3]",dnskey_removal-rsasha256.example.
289,rrsig_removal-,1 AAAA RR with RRSIG,rsasha256,808,"[2, 2]",rrsig_removal-rsasha256.example.
290,initial-,1 AAAA RR with RRSIG,rsasha512,395,"[2, 2]",initial-rsasha512.example.
291,new_rrsig-,1 AAAA RR with RRSIG,rsasha512,1115,"[3, 3]",new_rrsig-rsasha512.example.
292,new_dnskey-,1 AAAA RR with RRSIG,rsasha512,1119,"[3, 3]",new_dnskey-rsasha512.example.
293,dnskey_removal-,1 AAAA RR with RRSIG,rsasha512,1128,"[3, 3]",dnskey_removal-rsasha512.example.
294,rrsig_removal-,1 AAAA RR with RRSIG,rsasha512,806,"[2, 2]",rrsig_removal-rsasha512.example.
295,initial-,1 AAAA RR with RRSIG,ecdsa256,201,"[2, 2]",initial-ecdsa256.example.
296,new_rrsig-,1 AAAA RR with RRSIG,ecdsa256,920,"[3, 3]",new_rrsig-ecdsa256.example.
297,new_dnskey-,1 AAAA RR with RRSIG,ecdsa256,924,"[3, 3]",new_dnskey-ecdsa256.example.
298,dnskey_removal-,1 AAAA RR with RRSIG,ecdsa256,939,"[3, 3]",dnskey_removal-ecdsa256.example.
299,rrsig_removal-,1 AAAA RR with RRSIG,ecdsa256,806,"[2, 2]",rrsig_removal-ecdsa256.example.
300,initial-,1 AAAA RR with RRSIG,ecdsa384,233,"[2, 2]",initial-ecdsa384.example.
301,new_rrsig-,1 AAAA RR with RRSIG,ecdsa384,952,"[3, 3]",new_rrsig-ecdsa384.example.
302,new_dnskey-,1 AAAA RR with RRSIG,ecdsa384,957,"[3, 3]",new_dnskey-ecdsa384.example.
303,dnskey_removal-,1 AAAA RR with RRSIG,ecdsa384,966,"[3, 3]",dnskey_removal-ecdsa384.example.
304,rrsig_removal-,1 AAAA RR with RRSIG,ecdsa384,809,"[2, 2]",rrsig_removal-ecdsa384.example.
305,initial-,1 AAAA RR with RRSIG,ed25519,199,"[2, 2]",initial-ed25519.example.
306,new_rrsig-,1 AAAA RR with RRSIG,ed25519,922,"[3, 3]",new_rrsig-ed25519.example.
307,new_dnskey-,1 AAAA RR with RRSIG,ed25519,919,"[3, 3]",new_dnskey-ed25519.example.
308,dnskey_removal-,1 AAAA RR with RRSIG,ed25519,928,"[3, 3]",dnskey_removal-ed25519.example.
309,rrsig_removal-,1 AAAA RR with RRSIG,ed25519,806,"[2, 2]",rrsig_removal-ed25519.example.
310,initial-,1 AAAA RR with RRSIG,ed448,245,"[2, 2]",initial-ed448.example.
311,new_rrsig-,1 AAAA RR with RRSIG,ed448,960,"[3, 3]",new_rrsig-ed448.example.
312,new_dnskey-,1 AAAA RR with RRSIG,ed448,967,"[3, 3]",new_dnskey-ed448.example.
313,dnskey_removal-,1 AAAA RR with RRSIG,ed448,974,"[3, 3]",dnskey_removal-ed448.example.
314,rrsig_removal-,1 AAAA RR with RRSIG,ed448,801,"[2, 2]",rrsig_removal-ed448.example.
315,initial-,1 AAAA RR with RRSIG,falcon,793,"[2, 2]",initial-falcon.example.
316,new_rrsig-,1 AAAA RR with RRSIG,falcon,1513,"[3, 3]",new_rrsig-falcon.example.
317,new_dnskey-,1 AAAA RR with RRSIG,falcon,1513,"[3, 3]",new_dnskey-falcon.example.
318,dnskey_removal-,1 AAAA RR with RRSIG,falcon,1517,"[3, 3]",dnskey_removal-falcon.example.
319,rrsig_removal-,1 AAAA RR with RRSIG,falcon,800,"[2, 2]",rrsig_removal-falcon.example.
320,initial-,1 DNSKEY with RRSIG,rsasha1,639,"[2, 2]",initial-rsasha1.example.
321,new_rrsig-,1 DNSKEY with RRSIG,rsasha1,1356,"[3, 3]",new_rrsig-rsasha1.example.
322,new_dnskey-,1 DNSKEY with RRSIG,rsasha1,2275,"[3, 3]",new_dnskey-rsasha1.example.
323,dnskey_removal-,1 DNSKEY with RRSIG,rsasha1,2009,"[3, 3]",dnskey_removal-rsasha1.example.
324,rrsig_removal-,1 DNSKEY with RRSIG,rsasha1,1691,"[2, 2]",rrsig_removal-rsasha1.example.
325,initial-,1 DNSKEY with RRSIG,rsasha256,643,"[2, 2]",initial-rsasha256.example.
326,new_rrsig-,1 DNSKEY with RRSIG,rsasha256,1365,"[3, 3]",new_rrsig-rsasha256.example.
327,new_dnskey-,1 DNSKEY with RRSIG,rsasha256,2275,"[3, 3]",new_dnskey-rsasha256.example.
328,dnskey_removal-,1 DNSKEY with RRSIG,rsasha256,2014,"[3, 3]",dnskey_removal-rsasha256.example.
329,rrsig_removal-,1 DNSKEY with RRSIG,rsasha256,1698,"[2, 2]",rrsig_removal-rsasha256.example.
330,initial-,1 DNSKEY with RRSIG,rsasha512,643,"[2, 2]",initial-rsasha512.example.
331,new_rrsig-,1 DNSKEY with RRSIG,rsasha512,1366,"[3, 3]",new_rrsig-rsasha512.example.
332,new_dnskey-,1 DNSKEY with RRSIG,rsasha512,2278,"[3, 3]",new_dnskey-rsasha512.example.
333,dnskey_removal-,1 DNSKEY with RRSIG,rsasha512,2011,"[3, 3]",dnskey_removal-rsasha512.example.
334,rrsig_removal-,1 DNSKEY with RRSIG,rsasha512,1693,"[2, 2]",rrsig_removal-rsasha512.example.
335,initial-,1 DNSKEY with RRSIG,ecdsa256,253,"[2, 2]",initial-ecdsa256.example.
336,new_rrsig-,1 DNSKEY with RRSIG,ecdsa256,975,"[3, 3]",new_rrsig-ecdsa256.example.
337,new_dnskey-,1 DNSKEY with RRSIG,ecdsa256,1892,"[3, 3]",new_dnskey-ecdsa256.example.
338,dnskey_removal-,1 DNSKEY with RRSIG,ecdsa256,1821,"[3, 3]",dnskey_removal-ecdsa256.example.
339,rrsig_removal-,1 DNSKEY with RRSIG,ecdsa256,1686,"[2, 2]",rrsig_removal-ecdsa256.example.
340,initial-,1 DNSKEY with RRSIG,ecdsa384,317,"[2, 2]",initial-ecdsa384.example.
341,new_rrsig-,1 DNSKEY with RRSIG,ecdsa384,1035,"[3, 3]",new_rrsig-ecdsa384.example.
342,new_dnskey-,1 DNSKEY with RRSIG,ecdsa384,1956,"[3, 3]",new_dnskey-ecdsa384.example.
343,dnskey_removal-,1 DNSKEY with RRSIG,ecdsa384,1855,"[3, 3]",dnskey_removal-ecdsa384.example.
344,rrsig_removal-,1 DNSKEY with RRSIG,ecdsa384,1689,"[2, 2]",rrsig_removal-ecdsa384.example.
345,initial-,1 DNSKEY with RRSIG,ed25519,219,"[2, 2]",initial-ed25519.example.
346,new_rrsig-,1 DNSKEY with RRSIG,ed25519,936,"[3, 3]",new_rrsig-ed25519.example.
347,new_dnskey-,1 DNSKEY with RRSIG,ed25519,1851,"[3, 3]",new_dnskey-ed25519.example.
348,dnskey_removal-,1 DNSKEY with RRSIG,ed25519,1813,"[3, 3]",dnskey_removal-ed25519.example.
349,rrsig_removal-,1 DNSKEY with RRSIG,ed25519,1691,"[2, 2]",rrsig_removal-ed25519.example.
350,initial-,1 DNSKEY with RRSIG,ed448,290,"[2, 2]",initial-ed448.example.
351,new_rrsig-,1 DNSKEY with RRSIG,ed448,1008,"[3, 3]",new_rrsig-ed448.example.
352,new_dnskey-,1 DNSKEY with RRSIG,ed448,1918,"[3, 3]",new_dnskey-ed448.example.
353,dnskey_removal-,1 DNSKEY with RRSIG,ed448,1862,"[3, 3]",dnskey_removal-ed448.example.
354,rrsig_removal-,1 DNSKEY with RRSIG,ed448,1683,"[2, 2]",rrsig_removal-ed448.example.
355,initial-,1 DNSKEY with RRSIG,falcon,1681,"[2, 2]",initial-falcon.example.
356,new_rrsig-,1 DNSKEY with RRSIG,falcon,2397,"[3, 3]",new_rrsig-falcon.example.
357,new_dnskey-,1 DNSKEY with RRSIG,falcon,3303,"[3, 3]",new_dnskey-falcon.example.
358,dnskey_removal-,1 DNSKEY with RRSIG,falcon,2415,"[3, 3]",dnskey_removal-falcon.example.
359,rrsig_removal-,1 DNSKEY with RRSIG,falcon,1690,"[2, 2]",rrsig_removal-falcon.example.
360,initial-,MX,rsasha1,803,"[4, 4]",initial-rsasha1.example.
361,new_rrsig-,MX,rsasha1,2233,"[6, 6]",new_rrsig-rsasha1.example.
362,new_dnskey-,MX,rsasha1,2246,"[6, 6]",new_dnskey-rsasha1.example.
363,dnskey_removal-,MX,rsasha1,2273,"[6, 6]",dnskey_removal-rsasha1.example.
364,rrsig_removal-,MX,rsasha1,1633,"[4, 4]",rrsig_removal-rsasha1.example.
365,initial-,MX,rsasha256,811,"[4, 4]",initial-rsasha256.example.
366,new_rrsig-,MX,rsasha256,2251,"[6, 6]",new_rrsig-rsasha256.example.
367,new_dnskey-,MX,rsasha256,2260,"[6, 6]",new_dnskey-rsasha256.example.
368,dnskey_removal-,MX,rsasha256,2283,"[6, 6]",dnskey_removal-rsasha256.example.
369,rrsig_removal-,MX,rsasha256,1640,"[4, 4]",rrsig_removal-rsasha256.example.
370,initial-,MX,rsasha512,811,"[4, 4]",initial-rsasha512.example.
371,new_rrsig-,MX,rsasha512,2256,"[6, 6]",new_rrsig-rsasha512.example.
372,new_dnskey-,MX,rsasha512,2256,"[6, 6]",new_dnskey-rsasha512.example.
373,dnskey_removal-,MX,rsasha512,2285,"[6, 6]",dnskey_removal-rsasha512.example.
374,rrsig_removal-,MX,rsasha512,1643,"[4, 4]",rrsig_removal-rsasha512.example.
375,initial-,MX,ecdsa256,423,"[4, 4]",initial-ecdsa256.example.
376,new_rrsig-,MX,ecdsa256,1861,"[6, 6]",new_rrsig-ecdsa256.example.
377,new_dnskey-,MX,ecdsa256,1870,"[6, 6]",new_dnskey-ecdsa256.example.
378,dnskey_removal-,MX,ecdsa256,1892,"[6, 6]",dnskey_removal-ecdsa256.example.
379,rrsig_removal-,MX,ecdsa256,1634,"[4, 4]",rrsig_removal-ecdsa256.example.
380,initial-,MX,ecdsa384,487,"[4, 4]",initial-ecdsa384.example.
381,new_rrsig-,MX,ecdsa384,1927,"[6, 6]",new_rrsig-ecdsa384.example.
382,new_dnskey-,MX,ecdsa384,1930,"[6, 6]",new_dnskey-ecdsa384.example.
383,dnskey_removal-,MX,ecdsa384,1951,"[6, 6]",dnskey_removal-ecdsa384.example.
384,rrsig_removal-,MX,ecdsa384,1633,"[4, 4]",rrsig_removal-ecdsa384.example.
385,initial-,MX,ed25519,419,"[4, 4]",initial-ed25519.example.
386,new_rrsig-,MX,ed25519,1858,"[6, 6]",new_rrsig-ed25519.example.
387,new_dnskey-,MX,ed25519,1869,"[6, 6]",new_dnskey-ed25519.example.
388,dnskey_removal-,MX,ed25519,1885,"[6, 6]",dnskey_removal-ed25519.example.
389,rrsig_removal-,MX,ed25519,1632,"[4, 4]",rrsig_removal-ed25519.example.
390,initial-,MX,ed448,511,"[4, 4]",initial-ed448.example.
391,new_rrsig-,MX,ed448,1946,"[6, 6]",new_rrsig-ed448.example.
392,new_dnskey-,MX,ed448,1950,"[6, 6]",new_dnskey-ed448.example.
393,dnskey_removal-,MX,ed448,1967,"[6, 6]",dnskey_removal-ed448.example.
394,rrsig_removal-,MX,ed448,1620,"[4, 4]",rrsig_removal-ed448.example.
395,initial-,MX,falcon,1601,"[4, 4]",initial-falcon.example.
396,new_rrsig-,MX,falcon,3046,"[6, 6]",new_rrsig-falcon.example.
397,new_dnskey-,MX,falcon,3042,"[6, 6]",new_dnskey-falcon.example.
398,dnskey_removal-,MX,falcon,3067,"[6, 6]",dnskey_removal-falcon.example.
399,rrsig_removal-,MX,falcon,1629,"[4, 4]",rrsig_removal-falcon.example.
400,initial-,TXT,rsasha1,437,"[2, 2]",initial-rsasha1.example.
401,new_rrsig-,TXT,rsasha1,1155,"[3, 3]",new_rrsig-rsasha1.example.
402,new_dnskey-,TXT,rsasha1,1158,"[3, 3]",new_dnskey-rsasha1.example.
403,dnskey_removal-,TXT,rsasha1,1174,"[3, 3]",dnskey_removal-rsasha1.example.
404,rrsig_removal-,TXT,rsasha1,848,"[2, 2]",rrsig_removal-rsasha1.example.
405,initial-,TXT,rsasha256,441,"[2, 2]",initial-rsasha256.example.
406,new_rrsig-,TXT,rsasha256,1163,"[3, 3]",new_rrsig-rsasha256.example.
407,new_dnskey-,TXT,rsasha256,1167,"[3, 3]",new_dnskey-rsasha256.example.
408,dnskey_removal-,TXT,rsasha256,1181,"[3, 3]",dnskey_removal-rsasha256.example.
409,rrsig_removal-,TXT,rsasha256,856,"[2, 2]",rrsig_removal-rsasha256.example.
410,initial-,TXT,rsasha512,441,"[2, 2]",initial-rsasha512.example.
411,new_rrsig-,TXT,rsasha512,1158,"[3, 3]",new_rrsig-rsasha512.example.
412,new_dnskey-,TXT,rsasha512,1165,"[3, 3]",new_dnskey-rsasha512.example.
413,dnskey_removal-,TXT,rsasha512,1175,"[3, 3]",dnskey_removal-rsasha512.example.
414,rrsig_removal-,TXT,rsasha512,855,"[2, 2]",rrsig_removal-rsasha512.example.
415,initial-,TXT,ecdsa256,247,"[2, 2]",initial-ecdsa256.example.
416,new_rrsig-,TXT,ecdsa256,964,"[3, 3]",new_rrsig-ecdsa256.example.
417,new_dnskey-,TXT,ecdsa256,970,"[3, 3]",new_dnskey-ecdsa256.example.
418,dnskey_removal-,TXT,ecdsa256,983,"[3, 3]",dnskey_removal-ecdsa256.example.
419,rrsig_removal-,TXT,ecdsa256,850,"[2, 2]",rrsig_removal-ecdsa256.example.
420,initial-,TXT,ecdsa384,279,"[2, 2]",initial-ecdsa384.example.
421,new_rrsig-,TXT,ecdsa384,1003,"[3, 3]",new_rrsig-ecdsa384.example.
422,new_dnskey-,TXT,ecdsa384,996,"[3, 3]",new_dnskey-ecdsa384.example.
423,dnskey_removal-,TXT,ecdsa384,1012,"[3, 3]",dnskey_removal-ecdsa384.example.
424,rrsig_removal-,TXT,ecdsa384,852,"[2, 2]",rrsig_removal-ecdsa384.example.
425,initial-,TXT,ed25519,245,"[2, 2]",initial-ed25519.example.
426,new_rrsig-,TXT,ed25519,961,"[3, 3]",new_rrsig-ed25519.example.
427,new_dnskey-,TXT,ed25519,966,"[3, 3]",new_dnskey-ed25519.example.
428,dnskey_removal-,TXT,ed25519,980,"[3, 3]",dnskey_removal-ed25519.example.
429,rrsig_removal-,TXT,ed25519,852,"[2, 2]",rrsig_removal-ed25519.example.
430,initial-,TXT,ed448,291,"[2, 2]",initial-ed448.example.
431,new_rrsig-,TXT,ed448,1007,"[3, 3]",new_rrsig-ed448.example.
432,new_dnskey-,TXT,ed448,1008,"[3, 3]",new_dnskey-ed448.example.
433,dnskey_removal-,TXT,ed448,1026,"[3, 3]",dnskey_removal-ed448.example.
434,rrsig_removal-,TXT,ed448,848,"[2, 2]",rrsig_removal-ed448.example.
435,initial-,TXT,falcon,835,"[2, 2]",initial-falcon.example.
436,new_rrsig-,TXT,falcon,1551,"[3, 3]",new_rrsig-falcon.example.
437,new_dnskey-,TXT,falcon,1554,"[3, 3]",new_dnskey-falcon.example.
438,dnskey_removal-,TXT,falcon,1568,"[3, 3]",dnskey_removal-falcon.example.
439,rrsig_removal-,TXT,falcon,850,"[2, 2]",rrsig_removal-falcon.example.
440,initial-,PTR,rsasha1,803,"[4, 4]",initial-rsasha1.example.
441,new_rrsig-,PTR,rsasha1,2233,"[6, 6]",new_rrsig-rsasha1.example.
442,new_dnskey-,PTR,rsasha1,2246,"[6, 6]",new_dnskey-rsasha1.example.
443,dnskey_removal-,PTR,rsasha1,2273,"[6, 6]",dnskey_removal-rsasha1.example.
444,rrsig_removal-,PTR,rsasha1,1633,"[4, 4]",rrsig_removal-rsasha1.example.
445,initial-,PTR,rsasha256,811,"[4, 4]",initial-rsasha256.example.
446,new_rrsig-,PTR,rsasha256,2251,"[6, 6]",new_rrsig-rsasha256.example.
447,new_dnskey-,PTR,rsasha256,2260,"[6, 6]",new_dnskey-rsasha256.example.
448,dnskey_removal-,PTR,rsasha256,2283,"[6, 6]",dnskey_removal-rsasha256.example.
449,rrsig_removal-,PTR,rsasha256,1640,"[4, 4]",rrsig_removal-rsasha256.example.
450,initial-,PTR,rsasha512,811,"[4, 4]",initial-rsasha512.example.
451,new_rrsig-,PTR,rsasha512,2256,"[6, 6]",new_rrsig-rsasha512.example.
452,new_dnskey-,PTR,rsasha512,2256,"[6, 6]",new_dnskey-rsasha512.example.
453,dnskey_removal-,PTR,rsasha512,2285,"[6, 6]",dnskey_removal-rsasha512.example.
454,rrsig_removal-,PTR,rsasha512,1643,"[4, 4]",rrsig_removal-rsasha512.example.
455,initial-,PTR,ecdsa256,423,"[4, 4]",initial-ecdsa256.example.
456,new_rrsig-,PTR,ecdsa256,1861,"[6, 6]",new_rrsig-ecdsa256.example.
457,new_dnskey-,PTR,ecdsa256,1870,"[6, 6]",new_dnskey-ecdsa256.example.
458,dnskey_removal-,PTR,ecdsa256,1892,"[6, 6]",dnskey_removal-ecdsa256.example.
459,rrsig_removal-,PTR,ecdsa256,1634,"[4, 4]",rrsig_removal-ecdsa256.example.
460,initial-,PTR,ecdsa384,487,"[4, 4]",initial-ecdsa384.example.
461,new_rrsig-,PTR,ecdsa384,1927,"[6, 6]",new_rrsig-ecdsa384.example.
462,new_dnskey-,PTR,ecdsa384,1930,"[6, 6]",new_dnskey-ecdsa384.example.
463,dnskey_removal-,PTR,ecdsa384,1951,"[6, 6]",dnskey_removal-ecdsa384.example.
464,rrsig_removal-,PTR,ecdsa384,1633,"[4, 4]",rrsig_removal-ecdsa384.example.
465,initial-,PTR,ed25519,419,"[4, 4]",initial-ed25519.example.
466,new_rrsig-,PTR,ed25519,1858,"[6, 6]",new_rrsig-ed25519.example.
467,new_dnskey-,PTR,ed25519,1869,"[6, 6]",new_dnskey-ed25519.example.
468,dnskey_removal-,PTR,ed25519,1885,"[6, 6]",dnskey_removal-ed25519.example.
469,rrsig_removal-,PTR,ed25519,1632,"[4, 4]",rrsig_removal-ed25519.example.
470,initial-,PTR,ed448,511,"[4, 4]",initial-ed448.example.
471,new_rrsig-,PTR,ed448,1946,"[6, 6]",new_rrsig-ed448.example.
472,new_dnskey-,PTR,ed448,1950,"[6, 6]",new_dnskey-ed448.example.
473,dnskey_removal-,PTR,ed448,1967,"[6, 6]",dnskey_removal-ed448.example.
474,rrsig_removal-,PTR,ed448,1620,"[4, 4]",rrsig_removal-ed448.example.
475,initial-,PTR,falcon,1601,"[4, 4]",initial-falcon.example.
476,new_rrsig-,PTR,falcon,3046,"[6, 6]",new_rrsig-falcon.example.
477,new_dnskey-,PTR,falcon,3042,"[6, 6]",new_dnskey-falcon.example.
478,dnskey_removal-,PTR,falcon,3067,"[6, 6]",dnskey_removal-falcon.example.
479,rrsig_removal-,PTR,falcon,1629,"[4, 4]",rrsig_removal-falcon.example.
480,initial-,SRV,rsasha1,803,"[4, 4]",initial-rsasha1.example.
481,new_rrsig-,SRV,rsasha1,2233,"[6, 6]",new_rrsig-rsasha1.example.
482,new_dnskey-,SRV,rsasha1,2246,"[6, 6]",new_dnskey-rsasha1.example.
483,dnskey_removal-,SRV,rsasha1,2273,"[6, 6]",dnskey_removal-rsasha1.example.
484,rrsig_removal-,SRV,rsasha1,1633,"[4, 4]",rrsig_removal-rsasha1.example.
485,initial-,SRV,rsasha256,811,"[4, 4]",initial-rsasha256.example.
486,new_rrsig-,SRV,rsasha256,2251,"[6, 6]",new_rrsig-rsasha256.example.
487,new_dnskey-,SRV,rsasha256,2260,"[6, 6]",new_dnskey-rsasha256.example.
488,dnskey_removal-,SRV,rsasha256,2283,"[6, 6]",dnskey_removal-rsasha256.example.
489,rrsig_removal-,SRV,rsasha256,1640,"[4, 4]",rrsig_removal-rsasha256.example.
490,initial-,SRV,rsasha512,811,"[4, 4]",initial-rsasha512.example.
491,new_rrsig-,SRV,rsasha512,2256,"[6, 6]",new_rrsig-rsasha512.example.
492,new_dnskey-,SRV,rsasha512,2256,"[6, 6]",new_dnskey-rsasha512.example.
493,dnskey_removal-,SRV,rsasha512,2285,"[6, 6]",dnskey_removal-rsasha512.example.
494,rrsig_removal-,SRV,rsasha512,1643,"[4, 4]",rrsig_removal-rsasha512.example.
495,initial-,SRV,ecdsa256,423,"[4, 4]",initial-ecdsa256.example.
496,new_rrsig-,SRV,ecdsa256,1861,"[6, 6]",new_rrsig-ecdsa256.example.
497,new_dnskey-,SRV,ecdsa256,1870,"[6, 6]",new_dnskey-ecdsa256.example.
498,dnskey_removal-,SRV,ecdsa256,1892,"[6, 6]",dnskey_removal-ecdsa256.example.
499,rrsig_removal-,SRV,ecdsa256,1634,"[4, 4]",rrsig_removal-ecdsa256.example.
500,initial-,SRV,ecdsa384,487,"[4, 4]",initial-ecdsa384.example.
501,new_rrsig-,SRV,ecdsa384,1927,"[6, 6]",new_rrsig-ecdsa384.example.
502,new_dnskey-,SRV,ecdsa384,1930,"[6, 6]",new_dnskey-ecdsa384.example.
503,dnskey_removal-,SRV,ecdsa384,1951,"[6, 6]",dnskey_removal-ecdsa384.example.
504,rrsig_removal-,SRV,ecdsa384,1633,"[4, 4]",rrsig_removal-ecdsa384.example.
505,initial-,SRV,ed25519,419,"[4, 4]",initial-ed25519.example.
506,new_rrsig-,SRV,ed25519,1858,"[6, 6]",new_rrsig-ed25519.example.
507,new_dnskey-,SRV,ed25519,1869,"[6, 6]",new_dnskey-ed25519.example.
508,dnskey_removal-,SRV,ed25519,1885,"[6, 6]",dnskey_removal-ed25519.example.
509,rrsig_removal-,SRV,ed25519,1632,"[4, 4]",rrsig_removal-ed25519.example.
510,initial-,SRV,ed448,511,"[4, 4]",initial-ed448.example.
511,new_rrsig-,SRV,ed448,1946,"[6, 6]",new_rrsig-ed448.example.
512,new_dnskey-,SRV,ed448,1950,"[6, 6]",new_dnskey-ed448.example.
513,dnskey_removal-,SRV,ed448,1967,"[6, 6]",dnskey_removal-ed448.example.
514,rrsig_removal-,SRV,ed448,1620,"[4, 4]",rrsig_removal-ed448.example.
515,initial-,SRV,falcon,1601,"[4, 4]",initial-falcon.example.
516,new_rrsig-,SRV,falcon,3046,"[6, 6]",new_rrsig-falcon.example.
517,new_dnskey-,SRV,falcon,3042,"[6, 6]",new_dnskey-falcon.example.
518,dnskey_removal-,SRV,falcon,3067,"[6, 6]",dnskey_removal-falcon.example.
519,rrsig_removal-,SRV,falcon,1629,"[4, 4]",rrsig_removal-falcon.example.
520,initial-,KEY,rsasha1,803,"[4, 4]",initial-rsasha1.example.
521,new_rrsig-,KEY,rsasha1,2233,"[6, 6]",new_rrsig-rsasha1.example.
522,new_dnskey-,KEY,rsasha1,2246,"[6, 6]",new_dnskey-rsasha1.example.
523,dnskey_removal-,KEY,rsasha1,2273,"[6, 6]",dnskey_removal-rsasha1.example.
524,rrsig_removal-,KEY,rsasha1,1633,"[4, 4]",rrsig_removal-rsasha1.example.
525,initial-,KEY,rsasha256,811,"[4, 4]",initial-rsasha256.example.
526,new_rrsig-,KEY,rsasha256,2251,"[6, 6]",new_rrsig-rsasha256.example.
527,new_dnskey-,KEY,rsasha256,2260,"[6, 6]",new_dnskey-rsasha256.example.
528,dnskey_removal-,KEY,rsasha256,2283,"[6, 6]",dnskey_removal-rsasha256.example.
529,rrsig_removal-,KEY,rsasha256,1640,"[4, 4]",rrsig_removal-rsasha256.example.
530,initial-,KEY,rsasha512,811,"[4, 4]",initial-rsasha512.example.
531,new_rrsig-,KEY,rsasha512,2256,"[6, 6]",new_rrsig-rsasha512.example.
532,new_dnskey-,KEY,rsasha512,2256,"[6, 6]",new_dnskey-rsasha512.example.
533,dnskey_removal-,KEY,rsasha512,2285,"[6, 6]",dnskey_removal-rsasha512.example.
534,rrsig_removal-,KEY,rsasha512,1643,"[4, 4]",rrsig_removal-rsasha512.example.
535,initial-,KEY,ecdsa256,423,"[4, 4]",initial-ecdsa256.example.
536,new_rrsig-,KEY,ecdsa256,1861,"[6, 6]",new_rrsig-ecdsa256.example.
537,new_dnskey-,KEY,ecdsa256,1870,"[6, 6]",new_dnskey-ecdsa256.example.
538,dnskey_removal-,KEY,ecdsa256,1892,"[6, 6]",dnskey_removal-ecdsa256.example.
539,rrsig_removal-,KEY,ecdsa256,1634,"[4, 4]",rrsig_removal-ecdsa256.example.
540,initial-,KEY,ecdsa384,487,"[4, 4]",initial-ecdsa384.example.
541,new_rrsig-,KEY,ecdsa384,1927,"[6, 6]",new_rrsig-ecdsa384.example.
542,new_dnskey-,KEY,ecdsa384,1930,"[6, 6]",new_dnskey-ecdsa384.example.
543,dnskey_removal-,KEY,ecdsa384,1951,"[6, 6]",dnskey_removal-ecdsa384.example.
544,rrsig_removal-,KEY,ecdsa384,1633,"[4, 4]",rrsig_removal-ecdsa384.example.
545,initial-,KEY,ed25519,419,"[4, 4]",initial-ed25519.example.
546,new_rrsig-,KEY,ed25519,1858,"[6, 6]",new_rrsig-ed25519.example.
547,new_dnskey-,KEY,ed25519,1869,"[6, 6]",new_dnskey-ed25519.example.
548,dnskey_removal-,KEY,ed25519,1885,"[6, 6]",dnskey_removal-ed25519.example.
549,rrsig_removal-,KEY,ed25519,1632,"[4, 4]",rrsig_removal-ed25519.example.
550,initial-,KEY,ed448,511,"[4, 4]",initial-ed448.example.
551,new_rrsig-,KEY,ed448,1946,"[6, 6]",new_rrsig-ed448.example.
552,new_dnskey-,KEY,ed448,1950,"[6, 6]",new_dnskey-ed448.example.
553,dnskey_removal-,KEY,ed448,1967,"[6, 6]",dnskey_removal-ed448.example.
554,rrsig_removal-,KEY,ed448,1620,"[4, 4]",rrsig_removal-ed448.example.
555,initial-,KEY,falcon,1601,"[4, 4]",initial-falcon.example.
556,new_rrsig-,KEY,falcon,3046,"[6, 6]",new_rrsig-falcon.example.
557,new_dnskey-,KEY,falcon,3042,"[6, 6]",new_dnskey-falcon.example.
558,dnskey_removal-,KEY,falcon,3067,"[6, 6]",dnskey_removal-falcon.example.
559,rrsig_removal-,KEY,falcon,1629,"[4, 4]",rrsig_removal-falcon.example.
